,Unnamed: 0,threshold,Recall,Precision,F1_score,Acc,Recall_sub,Precision_sub,F1_score_sub,Acc_sub,Recall_n,Precision_n,F1_score_n,Acc_n
sp_char,0.1,0.1,0.02,0.16399999999999998,0.036000000000000004,0.9,0.024,0.091,0.038,0.9490000000000001,0.078,0.11699999999999999,0.094,0.975
app_char,0.1,0.1,0.02,0.16399999999999998,0.036000000000000004,0.9,0.024,0.091,0.038,0.9490000000000001,0.078,0.11699999999999999,0.094,0.975
entities,0.1,0.1,0.02,0.163,0.035,0.9,0.024,0.091,0.038,0.9490000000000001,0.078,0.11800000000000001,0.094,0.975
keywords,0.1,0.1,0.017,0.161,0.031,0.9009999999999999,0.023,0.09699999999999999,0.037000000000000005,0.95,0.07400000000000001,0.127,0.09300000000000001,0.976
w_sp_ch_lines,0.1,0.1,0.02,0.16399999999999998,0.036000000000000004,0.9,0.024,0.091,0.038,0.9490000000000001,0.078,0.11699999999999999,0.094,0.975
w_sp_ch_words,0.1,0.1,0.02,0.16399999999999998,0.035,0.9,0.024,0.092,0.038,0.9490000000000001,0.078,0.11800000000000001,0.094,0.975
doc2vec,0.1,0.1,0.02,0.16399999999999998,0.036000000000000004,0.9,0.024,0.091,0.038,0.9490000000000001,0.078,0.11699999999999999,0.094,0.975
d2v_bert,0.1,0.1,0.02,0.16399999999999998,0.036000000000000004,0.9,0.024,0.091,0.038,0.9490000000000001,0.078,0.11699999999999999,0.094,0.975
